Product ID,Product Name,Product URL
20918,ACAMAR,https://www.cop-copine.com/acamar-20918.html
20920,ACAMAR,https://www.cop-copine.com/acamar-20920.html
20922,ACHIR,https://www.cop-copine.com/achir-20922.html
21078,ACIOTH,https://www.cop-copine.com/acioth-21078.html
20779,ADIL,https://www.cop-copine.com/adil-20779.html
20784,ADIL,https://www.cop-copine.com/adil-20784.html
19871,AGLAEA,https://www.cop-copine.com/aglaea-19871.html
20789,ALCINE,https://www.cop-copine.com/alcine-20789.html
21113,ALTAIR,https://www.cop-copine.com/altair-21113.html
21117,ALTAIR,https://www.cop-copine.com/altair-21117.html
21121,ALTAIR,https://www.cop-copine.com/altair-21121.html
20927,ALULA,https://www.cop-copine.com/alula-20927.html
20855,AMASH,https://www.cop-copine.com/amash-20855.html
20929,ANCHA,https://www.cop-copine.com/ancha-20929.html
20935,APEP,https://www.cop-copine.com/apep-20935.html
20937,APUS,https://www.cop-copine.com/apus-20937.html
21146,AQUARI,https://www.cop-copine.com/aquari-21146.html
20941,ARAKIS,https://www.cop-copine.com/arakis-20941.html
20945,ARAKIS,https://www.cop-copine.com/arakis-20945.html
21148,AROUN,https://www.cop-copine.com/aroun-21148.html
21150,AROUN,https://www.cop-copine.com/aroun-21150.html
21161,ASTERIS,https://www.cop-copine.com/asteris-21161.html
20950,ASTEROPE,https://www.cop-copine.com/asterope-20950.html
21165,ASTRON,https://www.cop-copine.com/astron-21165.html
20834,AXIL,https://www.cop-copine.com/axil-20834.html
20883,AXINE,https://www.cop-copine.com/axine-1.html
20952,BATEN,https://www.cop-copine.com/baten-20952.html
20954,BELLUME,https://www.cop-copine.com/bellume-20954.html
21212,BIELA,https://www.cop-copine.com/biela-21212.html
21220,BIREO,https://www.cop-copine.com/bireo-21220.html
21224,BIREO,https://www.cop-copine.com/bireo-21224.html
21233,BOREALI,https://www.cop-copine.com/boreali-21233.html
20956,BOREUS,https://www.cop-copine.com/boreus-20956.html
20961,CALIPSO,https://www.cop-copine.com/calipso-20961.html
20966,CASTULA,https://www.cop-copine.com/castula-20966.html
20968,CHANDRA,https://www.cop-copine.com/chandra-20968.html
20973,CHUBA,https://www.cop-copine.com/chuba-20973.html
21278,CHUTU,https://www.cop-copine.com/chutu-21278.html
21282,CONSTEL,https://www.cop-copine.com/constel-21282.html
21286,CONSTEL,https://www.cop-copine.com/constel-21286.html
21290,CONSTEL,https://www.cop-copine.com/constel-21290.html
20799,CORNI,https://www.cop-copine.com/corni-20799.html
20844,CORVI,https://www.cop-copine.com/corvi-20844.html
20795,CYGNI,https://www.cop-copine.com/cygni-20795.html
21316,DESAFIO,https://www.cop-copine.com/desafio-21316.html
21321,DIETCHI,https://www.cop-copine.com/dietchi-21321.html
21352,DUBI,https://www.cop-copine.com/dubi-21352.html
20839,ECCA,https://www.cop-copine.com/ecca-20839.html
21377,ERIDA,https://www.cop-copine.com/erida-21377.html
20871,ESAK,https://www.cop-copine.com/esak-1.html
21387,ESTRA,https://www.cop-copine.com/estra-21387.html
21392,ESTRA,https://www.cop-copine.com/estra-21392.html
20979,ETANIN,https://www.cop-copine.com/etanin-20979.html
21065,EXPAN,https://www.cop-copine.com/expan-21065.html
21067,EXPAN,https://www.cop-copine.com/expan-21067.html
20987,FANTALE,https://www.cop-copine.com/fantale-20987.html
20997,FULU,https://www.cop-copine.com/fulu-20997.html
20898,GALATE,https://www.cop-copine.com/galate-1.html
20902,GALATE,https://www.cop-copine.com/galate-1-20902.html
20906,GALATE,https://www.cop-copine.com/galate-20906.html
21429,GLAST,https://www.cop-copine.com/glast-21429.html
21508,HASSA,https://www.cop-copine.com/hassa-21508.html
20828,HATY,https://www.cop-copine.com/haty-20828.html
20860,HENA,https://www.cop-copine.com/hena-20860.html
21522,HOROCKS,https://www.cop-copine.com/horocks-21522.html
21528,HOROCKS,https://www.cop-copine.com/horocks-21528.html
21534,HOROCKSI,https://www.cop-copine.com/horocksi-21534.html
21546,HYAD,https://www.cop-copine.com/hyad-21546.html
21554,JABAR,https://www.cop-copine.com/jabar-21554.html
21569,KAITOS,https://www.cop-copine.com/kaitos-21569.html
21576,KAITOS,https://www.cop-copine.com/kaitos-21576.html
21583,KAITOS,https://www.cop-copine.com/kaitos-21583.html
21592,KALUR,https://www.cop-copine.com/kalur-21592.html
21002,KAMBALA,https://www.cop-copine.com/kambala-21002.html
21007,KAMBALA,https://www.cop-copine.com/kambala-21007.html
21601,KAULUA,https://www.cop-copine.com/kaulua-21601.html
20817,KOJIMA,https://www.cop-copine.com/kojima-20817.html
20803,LYOT,https://www.cop-copine.com/lyot-20803.html
21658,MASKAL,https://www.cop-copine.com/maskal-21658.html
21009,MELEP,https://www.cop-copine.com/melep-21009.html
21692,MIFAK,https://www.cop-copine.com/mifak-21692.html
21697,MIRAM,https://www.cop-copine.com/miram-21697.html
21014,MIRE,https://www.cop-copine.com/mire-21014.html
21019,MUSICA,https://www.cop-copine.com/musica-21019.html
21024,MUSICA,https://www.cop-copine.com/musica-21024.html
21028,NEIL,https://www.cop-copine.com/neil-21028.html
21032,NEIL,https://www.cop-copine.com/neil-21032.html
20890,OLOJONI,https://www.cop-copine.com/olojoni-1.html
20894,OLOJONI,https://www.cop-copine.com/olojoni-1-20894.html
20849,ORIONI,https://www.cop-copine.com/orioni-20849.html
21789,OROMO,https://www.cop-copine.com/oromo-21789.html
21793,OROMO,https://www.cop-copine.com/oromo-21793.html
21799,OSUMI,https://www.cop-copine.com/osumi-21799.html
21804,PEGASI,https://www.cop-copine.com/pegasi-21804.html
21808,PERCAD,https://www.cop-copine.com/percad-21808.html
21812,PERCAD,https://www.cop-copine.com/percad-21812.html
21036,PIRIMA,https://www.cop-copine.com/pirima-21036.html
21040,PIRIMA,https://www.cop-copine.com/pirima-21040.html
21828,PLESO,https://www.cop-copine.com/pleso-21828.html
21873,RAMIN,https://www.cop-copine.com/ramin-21873.html
21878,RASTABAN,https://www.cop-copine.com/rastaban-21878.html
21883,RASTABAN,https://www.cop-copine.com/rastaban-21883.html
20807,REGOR,https://www.cop-copine.com/regor-20807.html
20811,REGOR,https://www.cop-copine.com/regor-20811.html
21902,RIMA,https://www.cop-copine.com/rima-21902.html
21045,SAVEDRA,https://www.cop-copine.com/savedra-21045.html
21941,SCEPTRI,https://www.cop-copine.com/sceptri-21941.html
21949,SCORPI,https://www.cop-copine.com/scorpi-21949.html
21047,SEKAR,https://www.cop-copine.com/sekar-21047.html
22013,SUBRA,https://www.cop-copine.com/subra-22013.html
22018,SUBRA,https://www.cop-copine.com/subra-22018.html
22024,SUTA,https://www.cop-copine.com/suta-22024.html
22040,TARI,https://www.cop-copine.com/tari-22040.html
21052,TAURI,https://www.cop-copine.com/tauri-21052.html
22057,TEREBE,https://www.cop-copine.com/terebe-22057.html
22062,TERF,https://www.cop-copine.com/terf-22062.html
22067,TERF,https://www.cop-copine.com/terf-22067.html
22112,VALERA,https://www.cop-copine.com/valera-22112.html
20916,VANETI,https://www.cop-copine.com/vaneti-20916.html
20877,WAMI,https://www.cop-copine.com/wami-1.html
22137,WEZEN,https://www.cop-copine.com/wezen-22137.html
22154,YAMIN,https://www.cop-copine.com/yamin-22154.html
21057,ZANIA,https://www.cop-copine.com/zania-21057.html
21064,ZEIT,https://www.cop-copine.com/zeit-21064.html
20865,ZELFA,https://www.cop-copine.com/zelfa-20865.html
20870,ZELFA,https://www.cop-copine.com/zelfa-20870.html
